id,thoughts,more_thoughts,fine_grained_label_zs,fine_grained_label,comment,mapped_label
,belief,belief,belief,belief,He's not wrong you know.\n\nCant have covid killing you if youre dead...\n\nSo it's pretty much cured then.,
,belief,belief,belief,belief,I felt so sorry for that doctor having to sit quietly next to a buffoon telling the public to do something that would potentially kill them. I remember the flurry of media telling people not to follow his advice immediately after.,
,belief,belief,belief,belief,Let us never forget this. Or forgive,
,belief,belief,belief,belief,Just this one thing ranks as a Dumbest Thing A President Ever Did and he’s got hundreds of these moments.,
,belief,belief,belief,belief,How many people did he murder,
,belief,belief,belief,belief,Something that would get him laughed out of politics in any other country. Like Boris Johnson,
,belief,belief,belief,belief,"There is another picture taken moments before this where he's looking at a display that shows how disinfectant and UV light can help eradicate the virus when cleaning surfaces/equipment. His simple childlike brain then assumed that since that works, all doctors have to do is find a way to make that work inside a human body. Similar to a child suggesting \""If people don't have enough money, why don't we just print some more?\"".\n\nYes, it's true that he didn't say that people should inject bleach, that was just the best way of summing up his ridiculous though processes. The longer version is that:\n\n\\- Not only did he get an idea that a child would come up with, he was arrogant enough to assume that he could come up the the cure for this completely new and widely unknown virus that has ravaged the entire world with zero medical qualifications, and had the gall to suggest his genious idea in front of the top experts in this field that have dedicated their lives to the study of infectious diseases, when his job was simply to report on any progress and give words of reassurance to a nation that is scared and unsure of the future (you know, what a president is supposed to do).\n\nAnd let's not forget that following this debacle, after days of his supporters claiming that he was misunderstood or what he said was taken out of context, when finally questioned on it he replied \""I was being sarcastic/I was joking\"" - again, exactly the kind of thing a child says when they're caught saying something stupid, and definitely not an appropriate thing to say when the death toll equivalent of 9/11 is happening on a weekly basis.\n\nAgain, this is supposed to be the leader of one of the most powerful countries in the world. That's what people take issue with.",
,belief,belief,belief,belief,And people actually do…,
,belief,belief,belief,belief,"Well, technically, he was correct. Inject bleach would cure covid... killing the carriers of the germ would prevent the spread of it.",
,belief,belief,belief,belief,"He saw a poster that said bleach and UV rays were good at killing it, then went on stage and his little brain put that together.\n\nI remember having the same thought about bleach when I was like 8-10 years old, and even then realized how easily you would kill someone doing that.\n\nThe fact that a lot of people running this country haven't educated themselves on scientific matters since they were in high school or college in the 1960's kind of worries me.",
,belief,belief,belief,belief,I remember him saying something about shining some radiation to kill the virus inside our body.  Like.... the HULK?,
,belief,belief,belief,belief,Good way to wipe the stupid out of a country tho lol,
,belief,belief,belief,belief,"Dr. Birx has that thousand-yard stare questioning her life, and how all the hard work and sacrifice she has done to achieve this level was being flushed down the drain by this idiot who just proposed to the whole nation about injecting bleach to cure COVID.",
,belief,belief,belief,belief,"Might have been the most unhinged, insane presidential press conference of all time.",
,belief,belief,belief,belief,was there ever a body count published on how many listened to him and ingested bleach?,
,belief,belief,belief,belief,I really hope part of why Trump loses this election comes down to killing his voters with misinformation. I genuinely hope this is a main cause.,
,belief,belief,belief,belief,"And the reality was...some people actually did inject themselves with bleach, and that Ivermectin drug also.  Totally insane...no other words.",
,belief,belief,belief,belief,I forgot about that.   Good thing they're gonna triple down and vote for him again,
,belief,belief,belief,belief,We can NOT allow this idiot a second chance in the White House!,anti-trump
,belief,belief,belief,belief,And the people who believed that are all idiots,
,belief,belief,belief,belief,"after that, didn't someone actually try and died ?",
,belief,belief,belief,belief,Hahaha holy fucking shit I had totally forgot this!! How the hell is this assclown an option for being a president AGAIN!? God damn,
,belief,belief,belief,belief,Not fake news really happened but this will be overlooked by all the sheep ,
,belief,belief,belief,belief,"Yeah, i did this and cured me a covid",
,belief,belief,belief,belief,Everyone knows he was kidding . Why is this a big deal,
,belief,belief,belief,belief,"To anyone that says he wasn't actually telling people to do that, it doesn't matter. Several states reported a huge spike in poison calls after this was said on tv",
,belief,belief,belief,belief,"Why would that orange knucklehead start spitballing in the middle of a press conference??

What a complete simpleton. Does he really think that a complex problem like a novel virus is going to be solved with a solution that would be brought up by a third grader?",
,belief,belief,belief,belief,If you told me 5 years ago we would have to put out signs warning people not to drink bleach because the president suggested it might be a cure for a global pandemic...,
,belief,belief,belief,belief,"I hate that this is now a part of the universe. That fifty years from now, some kid is going to be writing a report on this period and have to write, ""The President suggested injecting disinfectants like bleach as a cure.""",
,belief,belief,belief,belief,I cannot believe Trump suggested this to people! FFS this is not safe at all!,
,belief,belief,belief,belief,"""COULD""?

So, you're saying ingesting bleach might not result in injury or death?",
,belief,belief,belief,belief,He didn’t say drink it. You need to inhale it,
,belief,belief,belief,belief,There was a 121% spike of people poisoning themselves after Trump said inject disinfectant.,
,belief,belief,belief,belief,Oh my god if this isnt enough what fucking is mate,
,belief,belief,belief,belief,Who could forget this. How idiotic. I felt so bad for the ppl (with sense) who worked for him.,
,belief,belief,belief,belief,I remember this moment. It was the most incredible thing I have ever heard from a politician. The Onion wish they had such great articles,
,belief,belief,belief,belief,Our president has the mind of a 4th grader. Not a smart 4th grader either,
,belief,belief,belief,belief,I wish this was the onion but lol never would've expected to read this on national news,
,belief,belief,belief,belief,"If any of his followers are actually dumb enough to do this, well adios mother f'ers! The world will be a better place without your ignorant ass!  Furthermore, trump SHOULD be the FIRST one to receive his suggested injection during his nightly rallies. Lead by example you waste of space!",
,belief,belief,belief,belief,Why tf would he even suggest it or even say that crap in the 1st place? With the pandemic going on & hes supposed to be the president! Quote unquote. He tried sayin he was joking. I dnt give a crap u dont joke with whats going on when when it comes to that. Frickin moron.,
,belief,belief,belief,belief,"His supporters are proving they’re dumber than he is with the attempts to spin his exact words as taken out of context, and that it’s fake news. \n\nFucking stupid!""",
,belief,belief,belief,belief,"It literally blows my mind that anybody is trying to defend this. Okay, Trump is your man. I get it. You might just want to fall back and keep quiet on this one because you look REALLY dumb. No amount of attempted damage control is going to help. You heard what he said. Plain and simple. The fact he even suggested this might be a solution is the problem here.",
,belief,belief,belief,belief,"I'm thinking that the people who might die because of this brand of stupidity might also own MAGA hats and vote hard-Republican.\n\nSame goes for a lot of the people that are protesting the shelter-in-place orders.  \n\nI'm waiting for the eventual \""this is killing Republican voters and is obviously a Democrat weapon to steal 2020",
,belief,belief,belief,belief,I saw the headline about Trump telling people to inject themselves with disinfectant and thought it was clickbait.  Then I saw the quote.  And the video.  Ugh.  Why the fuck would anyone think this remotely made sense?  At least his suggestion of shining a light on your skin is harmless enough.  You may get sunburned I guess.,
,belief,belief,belief,belief,can't remember any other US president saying anything remotely close to the level of stupidity that Trump does on a daily basis.,
,belief,belief,belief,belief,"How the fuck does he alwaYs find new ways to flabbergast us with his stupidity? I swear everyday I think \""okay, there's no way he can too this\"" and then the FUCKING PRESIDENT OF THE UNITED STATES tells people to inject themselves with bleach....""",
,belief,belief,belief,belief,"His base is already flying around saying it’s fake news and that’s not what he said, they are trying really hard to explain that he did not say this.",
,belief,belief,belief,belief,Genuinely can’t believe I live in a timeline where the POTUS thought ingesting bleach was a good idea,
,belief,belief,belief,belief,"It’s a downright shame that this lying, incompetent clown is President. No one should listen to ANYTHING he has to say. He WASN’T being sarcastic, he was showing everyone what an ignorant buffoon he is.",
,belief,belief,belief,belief,Omg this is so embarrassing. Sorry world.,
,belief,belief,belief,belief,"Opened the article expecting to find what he actually said to not be as brain meltingly stupid as this headline describes, however that turns out to not be the case.\n\nYes, mate.  Just open me up and shower my exposed lungs with that sweet, sweet UV light.",
,belief,belief,belief,belief,Trump: *Promises to make America not a laughingstock on the world stage.*\n\n\nAlso Trump:,
,belief,belief,belief,belief,Let his supporters do this. I can only see it as an improvement on society.,
,belief,belief,belief,belief,Honestly im OK with this. Im glad trump suggested this. Now we can start to eliminate the lower IQ personal and start to thin the herd.,
,belief,belief,belief,belief,Seriously? Americans are that stupid that they would listen to this nonsense and go right ahead injecting themselves with disinfectant because some buffoon with zero credibility said to do it on TV?\n\nWHY?,
,belief,belief,belief,belief,Misinterpreted??? He asked if there was a way to inject something that works like disinfectant but for the lungs,
,belief,belief,belief,belief,I’m watching TV this morning and it hit me. We now live in a reality where medical professionals are on live TV telling us it’s not a good idea to drink or inject disinfectant because of something the President of the United States said during a pandemic briefing. Think about that. Banana land,
,belief,belief,belief,belief,"""Trump wrongly suggested""????hahahaha\nI would say attempted murderthen, given the intellectual quotient of a good part of its readers, it might not even be instigation to murder and incompetent circumvention""",
,belief,belief,belief,belief,Can people sue him over false information and in turn making people harm themselves?,
,belief,belief,belief,belief,People are morons and if they want to inject it we should let them. If anyone heard what he said and took it literally they are going to have a hard life,
,belief,belief,belief,belief,"Absurd that they actually have to call this out, even more absurd that an elected President would say something like this",
,belief,belief,belief,belief,"I am literally laughing and crying simultaneously as I write this...HOW the FUCK is this REAL FUCKING LIFE?? \n\nEven after all the ludicrous shit that has happened in recent years, all the terrible things that orange man has done and said...idk I guess this was the final straw for me, my mind reels at the sheer ridiculous shitshow our reality has become....",
,belief,belief,belief,belief,"Idk what the problem is Bleach literally could cure HIV aids, Coronavirus , honestly most diseases\n\nMinus the one side affect of death I really dont see the problem to this miracle cure",
,belief,belief,belief,belief,"Your president, ladies and gentlemen! Literally telling people to inject poison into themselves.",
,belief,belief,belief,belief,i thought it was illegal to give medical advice if your not a doctor \n\n why is he not behind the bars,
,belief,belief,belief,belief,And republicans are already in denial,
,belief,belief,belief,belief,This can't be true......\n......except it is.....,
,belief,belief,belief,belief,"Supporters will say he didn't mean it literally""",
,belief,belief,belief,belief,"I'm screaming/typing into the void at point, but I have to try...how does this not OBVIOUSLY cross a line and call for invoking the U.S. 25th amendment about being mentally and physically unfit to serve the office of president?",
,belief,belief,belief,belief,The President of the United States is making up treatments off the top of his head live on TV during a global pandemic.\n\nHe suggested somehow putting bright light inside you to kill the virus. He suggests that we try lightly cooking ourselves to kill off the virus.,
,belief,belief,belief,belief,This is too stupid to be real. Right guys? ... *Guys*?,
,belief,belief,belief,belief,Why don’t any of these people just stand up and say “no that’s incorrect”. A room full of reporters and intelligent people and no one says a fucking word. We should all be screaming I’m exhausted,
,belief,belief,belief,belief,Watched this shit live and hit the bourbon early that day.,
,personal,belief,belief,belief,"To this day, this image brings me right back to the moment. I was SO angry - screaming a the TV as it unfolded, \""SAY SOMETHING!! STAND UP!!!!  SAY SOMETHING.\"" .  I lost all respect, irrevocably.",
,idiot voters,belief,belief,belief,Looks like the vast majority of his cult MAGAts followed his advice and injected it directly in their brains.,
,idiot voters,belief,belief,belief,Any moron who injects themselves with bleach is doing the gene pool a great service.,
,idiot voters,belief,belief,belief,"Time for the kool-aid I guess. Talk about a cult. \n\nI wonder what his logic is. \n\nThe only ones that would possibly inject themselves with nonsense based on his suggestion  are people that worship him. A.k.a people that would turn out to vote for him in November. What does he gain by killing off his followers? If the other side wasn't decent enough to say 'no, *really* do *not* fucking do that', they could have a hands off approach and just let him murder his base. Is he just relying on others to save his base while he runs his mouth with impunity?",
,idiot voters,belief,belief,belief,"Hold on hold on. He might be on to something. If everyone stupid enough to inject themselves with bleach does so, that eliminates everyone stupid enough to be spreading the virus",
,anti-trump,belief,belief,belief,It's a shame he didn't inject himself.,
,anti-trump,belief,belief,belief,Consider how careless and dumb your president has to be that bleach manufacturers need to make a public statement like this.,
,partisan,belief,belief,belief,"The thing people already forget, is that people listened to him and the like and actually did this, in very small numbers...  The most popular one was the horse dewormer... Which is bat shit crazy looking back... How was a dewormer supposed to cure the flu?\n\nBut those ideas were thrown out there by \""influencers\"" and then popularized by this cult to f personality and people actually did it and died ...\n\nLike he actually did this, said this, while he was president...",
,other,other,belief,belief,How people forget how many had to call poison control because of him,
,fact-check,fact-check,fact-check,fact-check,"https://www.snopes.com/fact-check/trump-inject-bleach-covid-19/\n\n**What’s False**\nHowever, at no point did Trump explicitly tell people they could or should inject bleach into their bodies.\n\n**What’s True**\nDuring an April 2020 media briefing, Trump did ask members of the government’s coronavirus task force to look into whether disinfectants could be injected inside people to treat COVID-19. But when a reporter asked in a follow-up question whether cleaning products like bleach and isopropyl alcohol would be injected into a person, the then-president said those products would be used for sterilizing an area, not for injections
      ",
,fact-check,fact-check,fact-check,fact-check,"The actual factual quote:\n\n*\""And then I see the disinfectant, where it knocks it out in one minute. And is there a way we can do something like that, by injection inside or almost a cleaning, because you see it gets in the lungs and it does a tremendous number on the lungs, so it’d be interesting to check that, so that you’re going to have to use medical doctors with, but it sounds interesting to me. So, we’ll see, but the whole concept of the light, the way it kills it in one minute. That’s pretty powerful.""",
,fact-check,fact-check,fact-check,fact-check,"He didn’t actually say that, stop spreading fake news and do your own research! \n\nReview the actual video and see he never said or insinuated on people doing that\n\nI hate trump but I don’t like people spreading lies just as much as",
,fact-check,fact-check,fact-check,fact-check,He is a non medically trained person asking a Doctor if a disinfectant could work by injecting in the body. Obviously a very stupid question. But far from telling people to inject bleach at home.,
,fact-check,fact-check,fact-check,fact-check,Headline is a lie.   Typical liberal fear mongering,
,fact-check,fact-check,fact-check,fact-check,My favorite part was when he didn’t tell people to inject bleach. This is the shit that pushes people to the other side. When you blatantly lie it makes it worse,
,fact-check,fact-check,fact-check,fact-check,"Well that’s a lie, he never told people to inject bleach.  He talked out loud about different brain storming ideas",
,fact-check,fact-check,fact-check,fact-check,Reddit is full of people who can't do any critical thinking or any basic research.,
,fact-check,fact-check,fact-check,fact-check,Misleading title. He didn't actually tell people to inject bleach. He bandied the idea of it.,
,fact-check,fact-check,fact-check,fact-check,Not really but ok. Still crying about this? Does it make you feel better?,
,fact-check,fact-check,fact-check,fact-check,"\""A question that probably some of you are thinking of if you’re totally into that world, which I find to be very interesting. So, supposedly we hit the body with a tremendous, whether it’s ultraviolet or just very powerful light, and I think you said that hasn’t been checked, but you’re going to test it. And then I said supposing you brought the light inside the body, which you can do either through the skin or in some other way. (To Bryan) And I think you said you’re going to test that, too. Sounds interesting, right?\""\n\n\""And then I see the disinfectant, where it knocks it out in one minute. And is there a way we can do something like that, by injection inside or almost a cleaning, because you see it gets in the lungs and it does a tremendous number on the lungs, so it’d be interesting to check that, so that you’re going to have to use medical doctors with, but it sounds interesting to me. So, we’ll see, but the whole concept of the light, the way it kills it in one minute. That’s pretty powerful.\""""",
,fact-check,fact-check,fact-check,fact-check,"except he didnt do that.\n\ni hate the guy as much as anyone, but no.  didnt happen.\n\n  \nDuring an April 2020 media briefing, Trump did ask members of the government's coronavirus task force to look into whether disinfectants could be injected inside people to treat COVID-19. But when a reporter asked in a follow-up question whether cleaning products like bleach and isopropyl alcohol would be injected into a person, the then-president said those products would be used for sterilizing an area, not for injections.",
,fact-check,fact-check,fact-check,fact-check,"No, Donald Trump did not directly tell people to inject bleach. However, during an April 2020 press briefing, he did make controversial remarks about using disinfectants to combat COVID-19. He suggested exploring whether disinfectants that can kill the virus on surfaces could be used inside the human body, mentioning the idea of “injection” or other similar methods. This led to widespread confusion and concern, prompting health experts and manufacturers to issue warnings against the ingestion or injection of disinfectants, as they are toxic.\n\nLater, Trump clarified that his comments were not meant to be taken literally and that he was speaking sarcastically to reporters. The incident received significant media coverage and criticism, especially regarding the communication of health-related information during the pandemic.",
,fact-check,fact-check,fact-check,fact-check,"Please, tell me where he said \""Inject bleach to cure covid.\"" Come on, share the quote. You know it's bullshit.",
,fact-check,fact-check,fact-check,fact-check,"Funny this is in picture form, because he quite literally did not say this.",
,fact-check,fact-check,fact-check,fact-check,That's not what he said. Why do you guys continue to lie about this shit?,
,fact-check,fact-check,fact-check,fact-check,that literally didnt happen,
,fact-check,fact-check,fact-check,fact-check,"his was [debunked](https://www.statesman.com/story/news/politics/elections/2020/07/13/fact-check-did-trump-tell-people-to-drink-bleach-to-kill-coronavirus/113754708/) the same year. He was simply asking if there was a way to inject something that would act as a disinfectant. Which coming from someone who did not go to medical school, isn’t a stupid question. The virus hit hard, and no one knew what to do. Not even Fauci who later admitted he knew about the virus before the outbreak. Trump has said stupid things, but this isn’t one of them. You all have plenty of ammo to make fun of him, so at least get the facts right.",
,fact-check,fact-check,fact-check,fact-check,"[Politifact - What trump ACTUALLY said. (no he didn’t say to inject or drink bleach. In fact, he never even said the word bleach)](https://www.politifact.com/factchecks/2020/jul/11/joe-biden/no-trump-didnt-tell-americans-infected-coronavirus/)\n\n\nYou do nothing but reinforce the narrative that democrats spew out fake news and all it does is help trump. \n\nIf you want to help Kamala have some effort and post things that actually tarnish trump or promote Kamala’s good deeds, not what has been fact checked millions of times. It just makes you look stupid\n\nBe better and stop spewing lies for the sake of hating this man.",
,fact-check,fact-check,fact-check,fact-check,This is literally untrue yet it has 2k upvotes rofl…\n\nYou people aren’t even attempting to hide the absurd bias on this sub any more.,
,fact-check,fact-check,fact-check,fact-check,"F off with this disinformation. \n\nhttps://www.snopes.com/fact-check/trump-inject-bleach-covid-19/\n\n> And then I see the disinfectant, where it knocks it out in a minute. One minute. And is there a way we can do something like that, by injection inside or almost a cleaning.\n\nAt no point did he say “inject yourself with bleach.”\n\nEDIT: Should he have been speaking off the cuff at a news conference? During a global crisis where everyone’s fears are heightened? No, absolutely moronic. \n\nBut equally moronic is taking his quote and saying “Trump says you should inject bleach.” You stoop to their level. ",
,fact-check,fact-check,fact-check,fact-check,Please lets be truthful love him or hate him he did not tell people to inject themselves with bleach....  ,
,fact-check,fact-check,fact-check,fact-check,Where did he mention bleach? The hopeless left just always trying to come up with stories to try to bring down the Republican Party,
,fact-check,fact-check,fact-check,fact-check,I noticed you had a picture and not the actual clip. \n\nI wonder why?,
,fact-check,fact-check,fact-check,fact-check,"Except he didn't tell people to inject bleach.\n\n\nLies from the left are what empowers MAGA.  They see these lies and think, \""see the left lies too.  And everything they say about Trump is a lie.\""\n\n\nSo they don't believe it when the news reports Trump wants Hitler's generals.\n\n\nSo please stop.  I know it makes you feel better, but you are hurting the anti-Trump cause \n\n\nFor the record, here is what he said.  It's laughably stupid, but there is no way to twist it to say he told people to inject bleach.\n\n\n\""And then I see the disinfectant, where it knocks it out in one minute. And is there a way we can do something like that, by injection inside or almost a cleaning, because you see it gets in the lungs and it does a tremendous number on the lungs, so it’d be interesting to check that, so that you’re going to have to use medical doctors with, but it sounds interesting to me. So, we’ll see, but the whole concept of the light, the way it kills it in one minute. That’s pretty powerful.\""",
,fact-check,fact-check,fact-check,fact-check,Fact check; Donald Trump never told anyone to inject bleach,
,fact-check,fact-check,fact-check,fact-check,"> Trump’s statements were confusing, but a look at his exact words shows that Trump didn’t specifically instruct Americans to “inject bleach” or “take a shot” of ultraviolet light to prevent COVID-19. He did, however, inquire about whether UV light and disinfectant could be studied inside the human body.\n\nhttps://www.politifact.com/factchecks/2024/mar/28/joe-biden/biden-exaggerates-trumps-pandemic-comments-about-d/\n\nI thought Reddit was against lying and spreading misinformation? Oh, I guess not. \n\n\nAnd before yall start screaming how stupid it is to inject UV light to cure a virus….that is exactly what they were talking about and studying at the time. It’s a treatment proven to reduce viral load. See the peer reviewed study below. \n\nhttps://link.springer.com/article/10.1007/s12325-021-01830-7""",
,fact-check,fact-check,fact-check,fact-check,Play the clip,
,fact-check,fact-check,fact-check,fact-check,[https://www.wfae.org/politics/2024-04-03/fact-check-did-trump-once-tell-americans-to-inject-bleach-to-fight-covid-19](https://www.wfae.org/politics/2024-04-03/fact-check-did-trump-once-tell-americans-to-inject-bleach-to-fight-covid-19)\n\nI guess the reality isn't as engaging as the fantasy,
,fact-check,fact-check,fact-check,fact-check,"Okay. I'm going to preface this by saying he's an absolute tool, and moron. He's a horrible human being, and a wannabe dictator. There's no way I would ever endorse anything that he says, and I hope he goes away for a long long time to a very dark dark place. \n\nThat being said, he didn't actually tell anyone to inject bleach. \n\nHe asked a doctor probably one of the dumbest questions anyone could ask a doctor. \n\nWhat he said was that disinfectant kills COVID within a matter of minutes, and then he asked if there was a way to inject that into the human body. \n\nHe didn't actually tell anybody to drink bleach, inject bleach, or inject any disinfectant. \n\nHe just simply asked a very very stupid question because he's a very very stupid person",
,fact-check,fact-check,fact-check,fact-check,"Tbf he didnt tell anyone to inject bleach, he asked if you could xD""",
,fact-check,fact-check,fact-check,fact-check,That's not what he said. Where were you 5 years ago when that made the news cycle and was debunked.\n\nThat is so 5 YEARS AGO!,
,fact-check,fact-check,fact-check,fact-check,"Play the video, don't just post the picture. Let everyone hear what he actually said...",
,fact-check,fact-check,fact-check,fact-check,Man the way you idiots twist words and comments up. My 9 year old does the same shit when she’s reaching.,
,fact-check,fact-check,fact-check,fact-check,Y’all still falling for this out of context garbage?,
,fact-check,fact-check,fact-check,fact-check,Love misinformation. He asked his health officers to look into it not that you should do it,
,fact-check,fact-check,fact-check,fact-check,You’re a liar.\n\nhttps://www.wfae.org/politics/2024-04-03/fact-check-did-trump-once-tell-americans-to-inject-bleach-to-fight-covid-19,
,fact-check,fact-check,fact-check,fact-check,No he didn't that is a lie,
,fact-check,fact-check,fact-check,fact-check,"Maybe I’m missing something, but I watched that press conference and didn’t hear him tell people to inject bleach. I only watched a 3 or so minute clip, I could be missing context.",
,fact-check,fact-check,fact-check,fact-check,He didn’t tell people to inject bleach. He talked about potentially finding a way to kill the virus using bleach but it wasn’t like he was instructing people to load syringes with bleach and shoot up,
,fact-check,fact-check,fact-check,fact-check,"He never told anyone to inject bleach. You're just being fed lies. This is a normal part of Trump's derangement syndrome. Please talk to a professional about help, otherwise the next 4 years are going to be rough",
,fact-check,fact-check,fact-check,fact-check,"If you actually were watching this when it happened, you would know it was a analogy.  He never said to inject bleach to kill covid.  You're just dumb if this is what you think.",
,fact-check,fact-check,fact-check,fact-check,"What a bunch of sheep you people are.  You’re buying this crap about Trump.  Joseph Goebels comes to mind and his propaganda machine.   Baahhh, baaahhh!",
,fact-check,fact-check,fact-check,fact-check,"Oh hunnies, looking at the full context makes it clear he never implied people should just start injecting Clorox.   You sweet little souls need your safe echo chamber space though, I suppose.",
,fact-check,fact-check,fact-check,fact-check,"4 years later and people still ignoring that fact that this isn’t what he said. I don’t like Trump but continuing this lie is irritating. He’s said maybe doctors should look into it, not regular people go home and do it. Stop spreading lies and misinformation. There’s more than enough factual reasons to not like him, we don’t need to make one up",
,fact-check,fact-check,fact-check,fact-check,Fake news this isn’t even true,
,fact-check,fact-check,fact-check,fact-check,That's not what he said.,
,fact-check,fact-check,fact-check,fact-check,It is amazing how something is taken out of context and everyone believes it.,
,fact-check,fact-check,fact-check,fact-check,"Having seen the clip where he is alleged to \""tell people to inject bleach to cure Covid\"", he never once says the word \""bleach\"" ( he says \""disinfectant\"" ), he is consulting a professional on the matter, and not *telling* anyone to do anything. He is only trying to ask a doctor on the matter what they were working on, even if his terms weren't entirely correct.",
,fact-check,fact-check,fact-check,fact-check,It makes you look stupid when you repeat things that are easily debunked.,
,fact-check,fact-check,fact-check,fact-check,"Glad to see, you're still falling for the lies. Pathetic sheep",
,fact-check,fact-check,fact-check,fact-check,The disinformation bots are ramping up. Glad I was alive back then and know this was complete bs,
,fact-check,fact-check,fact-check,fact-check,"Oh look more people twisting his words like what the media does""",
,fact-check,fact-check,fact-check,fact-check,"Lol, people still believe he said this ",
,fact-check,fact-check,fact-check,fact-check,"Weird since the word \""bleach\"" wasn't mentioned once.   \nTrump was referring to blood disinfectant therapies such as UV blood treatments and hemodialysis. \nDemocrats hear the word \""disinfect\"" and they think this only applies to lysol and solid surfaces. \n\""but muh inject bleach",
,fact-check,fact-check,fact-check,fact-check,Didn’t he ask if it would work? I don’t recall him ever telling people to.,
,fact-check,fact-check,fact-check,fact-check,"To be fair he didnt suggest people drink bleach. He just rambled on nearly incoherently about the possibility of injecting disinfenctant and how it does wonders in the lungs or some shit.

Go watch the video he is an idiot and anyone who listens to him is an idiot but it is his job as president to make sure things he says are accurate and vetted but instead he rambles and waves his small hands around like the moron he is.",
,fact-check,fact-check,fact-check,fact-check,"He actually asked if there was any way to inject disinfectant into a body as the findings presented that UV rays (sunlight) kill the virus on surfaces pretty fast but disinfectant kills it much faster. And he mentioned that the virus mainly affects the lungs so his question was to be understood as if it’s possible to inject disinfectant into the lungs in any way.

He never said to drink or inject disinfectant to anybody. He asked the scientist presenting the findings if such a scenario was possible to be tested in any way.

It was two twitter accounts who then stated that Trump told people to inject disinfectant, as in drink bleach.",
,fact-check,fact-check,fact-check,fact-check,He’s an idiot.l. But that doesn’t change the fact that the narrative surrounding it is a lie.,
,fact-check,fact-check,fact-check,fact-check,"Lol never heard the President say it was a good idea for people to digest or inject disinfectant, I heard him say while disgusting it with a professional could there be a possibility to have something like a disinfectant injected in our lungs , meaning a drug of some sort , like that has been done many times in the medical field....It’s sad when you actually have to warn people not to digest or inject , no wonder we as a people need to be forced to stay in , when we can’t even listen to someone speak without blowing so out of context , sad really .",
,fact-check,fact-check,fact-check,fact-check,It is truly astounding. The amount of people who think this is an honest depiction is ridiculous.,
,fact-check,fact-check,fact-check,fact-check,"never said bleach,  another bidet lie...do spme fucking research",
,fact-check,fact-check,fact-check,fact-check,"That’s not even what he said, posts like this should be illegal",
,fact-check,fact-check,fact-check,fact-check,Everything makes sense when you post the entire clip and not just a photo with a propaganda title 😂\nBut this is Reddit so most will agree and thumbs this up. The TDS and delusion is real and this totally proves it. Cope more tho.,
,fact-check,fact-check,fact-check,fact-check,He didn't tell people to go do that. He asked if it's possible and said it would be interesting to check if something to that effect can be done.,
,fact-check,fact-check,fact-check,fact-check,He was clearly being sarcastic get a brain thanks,
,fact-check,fact-check,fact-check,fact-check,"""I see the disinfectant that knocks it out in a minute, one minute. And is there a way we can do something like that by injection inside or almost a cleaning? As you see, it gets in the lungs, it does a tremendous number on the lungs, so it would be interesting to check that.""

By ""something like that"", he was referring to something that could attack it as fast as disinfectant did outside the body. He wasn't suggesting Lysol injections, lol.",
,fact-check,fact-check,fact-check,fact-check,i bet money 95% of people who saw the article on politics upvoted it without even watching the video,
,fact-check,fact-check,fact-check,fact-check,"Uhhhhhm .... I am not a trump supporter or even an American \n\nBut am I the only person that saw him talking to a doctor/scientist basically trying to recall something he heard and didn’t understand? He was half talking into the mic and facing towards someone else for an answer. It’s like He was trying to recall a few points of a presentation he didn’t really understand.\n\nI have no horse in this race and I do not have any thought on trump. I am literally objectively looking at this video. People really look for ANYTHING to jump on so they can make some exaggerated clickbait article. Then everyone talks about it without even looking at it.\n\nHow is this headline news everywhere? If he was looking at the press/camera and saying “doctors are saying to inject disinfectants”, this uproar would make a lot of sense. But he was more like - “uhh something about injections and disinfectants?? Right? Uhh I’m not a doctor”. He was half speaking in a mic while turning trying to get some input on the research.",
,fact-check,fact-check,fact-check,fact-check,"Maybe we could actually report on what was said? That would be nice. The man did not say to inject bleach. He said disinfectants, and there are literally injectable disinfectants.",
,fact-check,fact-check,fact-check,fact-check,I don't know how we can hope to carry on as a civilization when this is considered acceptable from a news network. I really think this signifies the end of what we have.\n\nHe did not suggest that. He certainly didn't tell anyone to inject it. And not a single person heard what he said and then went and injected bleach. This is a totally fake outrage topic.,
,fact-check,fact-check,fact-check,fact-check,"Uh, I don't think Trump in any way suggested it would cure covid-19. Did anyone watch the clip? It's an incoherent rambling from a dumb person with no knowledge of human physiology wondering aloud to...anyone listening, I guess...if some method could be figured out to inject something into the body to carry out disinfectant-like actions, to kill the virus.\n\nNow, this is still fucking alarming for about 10,000 reasons. The sitting President does not understand how antibiotics, anti-virals, or germ theory work, all middle-school level biology concepts. He does not speak English in a coherent and clear fashion. He is a frequent and outright liar. He is patently outmatched by the job in front of him.\n\nBut to be fair, at no point did I note him suggest injecting disinfectant would cure the virus.",
,fact-check,fact-check,fact-check,fact-check,"His actual statement (Weird and idiotic way to say everything, yes. Straight up telling people to inject bleach, ....no):\n\nSo, I’m going to ask Bill a question that probably some of you are thinking of if you’re totally into that world, which I find to be very interesting. So, supposing when we hit the body with a tremendous, whether it’s ultraviolet or just very powerful light, and I think you said that hasn’t been checked, but you’re going to test it. And then I said supposing you brought the light inside the body, which you can do either through the skin or in some other way. And I think you said you’re going to test that too. Sounds interesting. And then I see the disinfectant, where it knocks it out in a minute, one minute. And is there a way we can do something like that by injection inside or almost a cleaning? Because you see it gets in the lungs and it does a tremendous number on the lungs, so it’d be interesting to check that, so that you’re going to have to use medical doctors with, but it sounds interesting to me. So, we’ll see, but the whole concept of the light, the way it kills it in one minute. That’s pretty powerful.""",
,fact-check,fact-check,fact-check,fact-check,Can this get flagged for misleading title?,
,fact-check,fact-check,fact-check,fact-check,"Not a fan of this guy but he never suggested people to inject it. Media sure does wonders. He literally looked at the doctors and told them to look into it. it's  still dumb for someone to even consider this, but this is Trump we are talking about lol\n\nEdit: A few of you think I'm defending Trump lol My point is how the media is exaggerating almost everything thats going around. I for one would never try anything unless its backed by data and several trials. You guys really love giving Trump the spotlight.",
,fact-check,fact-check,fact-check,fact-check,"I watched the clip several times and I fail to see where he is telling people to inject bleach into themselves? I do hear him sharing some information about testing they are going to be doing in the future. Is there an actual clip where Trump says we should be injecting ourselves, because every media headline today states that he said this verbatim?",
,fact-check,fact-check,fact-check,fact-check,It's really sad to see people lap up this fake news without question. I honestly think the media controls the future of this country to a scary degree.,
,fact-check,fact-check,fact-check,fact-check,"I watched the briefing, this is not at all what was said and is twisted way out of context to make him look bad. This is almost as bad as blaming Trump for the old couple drinking fucking pond cleaner. Get a clue. Why can't the news just report the news? Why does it have to be a twisted game of bullshit?",
,fact-check,fact-check,fact-check,fact-check,"Absolute twisting, AGAIN.  People are gullible, Mainstream media are clickbait pimps. Anti Trumpers are the worst. ,common sense,  out the fuckin window.",
,fact-check,fact-check,fact-check,fact-check,He suggested doing study’s about it not injecting yourself with it. Not saying it was not dumb to say but to take it out of context is just as dumb,
,fact-check,fact-check,fact-check,fact-check,He did not suggest it would cure it. He said they should study it. Dumb thing to say all around but the title is false,
,fact-check,fact-check,fact-check,fact-check,"Lol usual media lies about “injecting lysol” he was asking questions about therapies we already use and retarded children run with it. We already have IV disinfectants, O3/ozone. We already have inhaled disinfectants like hydrogen peroxide nebulizers and we already have multiple light therapies such as UBI/ ILBI. Some are IV treatments, some are skin treatments. They do destroy microbes. So many people rely on the media to tell them how to think anymore, I couldn’t imagine being so brainwashed.",
,fact-check,fact-check,fact-check,fact-check,"Except... he didn't say that. That's some heavy paraphrasing. \n\nGranted, what he did say didn't sound terribly intelligent",
,fact-check,fact-check,fact-check,fact-check,"Imagine telling someone a decade ago that this would be a real headline, not a headline from the onion. They’d laugh in your face",
,fact-check,fact-check,fact-check,fact-check,"I dont support the guy, but he didnt advocate for injecting yourself with bleach.  \n\n\nHe was (stupidly) saying \""Is there an equivalent we can do inside the body that would kill the virus LIKE some cleaners do on surfaces\"" essentially.  \n\n\nIt was still a stupid comment but he wasnt actively advocating injecting yourself with anything",
,fact-check,fact-check,fact-check,fact-check,"This article is click-bait at its best, a bald-faced lie at its worst.\n\n> *\""after Trump falsely suggested it might cure the coronavirus\""*\n\nTrump suggested absolutely no such thing. This is exactly what he said:\n\n> *\""I see the disinfectant where it knocks it out in a minute,\"" he said. \""One minute. And is there a way we can do something like that, by injection inside or almost a cleaning?\"" he said. \""So it'd be interesting to check that.\""*\n\nWhat he vocalized was a question, not a suggestion. Trump is not a physician, and asked a simple question \""is there a way we can do something like that?\"", so that he could become more informed. What **he did not say** was, \""Hey America, go shoot up Clorox.\"" That, would have been a suggestion.",
,fact-check,fact-check,fact-check,fact-check,"Trump didn’t say to inject it directly. Trump didn’t say “Inject Bleach, it’ll kill Coronavirus!” He speculated on the prospect of if there was a way to take what’s used in cleaning products that kill the Coronavirus and make something safe to inject a la vaccination style. Read the fucking articles, people.",
,fact-check,fact-check,fact-check,fact-check,The media blows everything out of proportion. “Orange man bad” narrative strikes again. It’s laughable at this point,
,fact-check,fact-check,fact-check,fact-check,"Can't we find something to attack Trump that isn't fake news..? \n\nHe was talking about light treatment, how it might be possible to kill virus through the skin with it. He mentioned that it's similar to how disinfectant kills virus in a minute, and asked if something similar could be done with light treatment through the lungs... \n\nYeah the guy isn't good with words but to think that this is what he suggested is just... cmon people.",
,fact-check,fact-check,fact-check,fact-check,"I watched the briefing last night and while what he said was obviously poorly worded, he did not ever say this. Go and watch the clip. Jesus christ this is the worst fake news.",
,fact-check,fact-check,fact-check,fact-check,If anyone thinks he ment grab bleach and a needle and cure yourself is straight stupid. Im no trump supporter but he was clearly saying with the ultraviolet lights talk that if there a way to inject ( a shot or vaccine) something that acts like the sun that kills the covid in 1minute. \n\nHes more of the guy at the meeting table then a potus tho.,
,fact-check,fact-check,fact-check,fact-check,"The outrage culture is unbelievable. In his typical inarticulate way, he is just musing over some possibilities in his desperation to get the rid of this virus. He even blurted out that he’s not a doctor. \nBut the media and the outrage culture have taken this to another level.\n\nThis is why he has so many followers with a very good chance to get re-elected despite all of his blatant flaws. \n\nThe average joe can identify with him. He asks questions that an average joe would ask (“the disinfectant kills the virus in minutes, so is there way to use that to treat this disease”) \n\nThe mainstream media of course pounces at any opportunity it to magnify any little flaw he show. This is why media has lost all credibility.",
,fact-check,fact-check,fact-check,fact-check,"""He didn’t really say that. The headlines are saying that. If you watch the actual press conference, he’s just speculating based on the information, like a conversation. \n\nHe did not say you should inject yourself with bleach. Why are they reporting that he did?""",
,fact-check,fact-check,fact-check,fact-check,Can someone point out where he said you should drink bleach and inject yourself with disinfectant?,
,fact-check,fact-check,fact-check,fact-check,"Not what he said tho , was he rambling like an imbecile yes was it what he said not even close.",
,fact-check,fact-check,fact-check,fact-check,"This is actually why Trumps fans can yell and scream fake news, this actually was taken very much out of context, so stupid",
,fact-check,fact-check,fact-check,fact-check,"Definitely going to be downvoted but the title is completely misleading.  “I see the disinfectant where it knocks it out in a minute. One minute. And is there a way we can do something like that, by injection inside or almost a cleaning?” Trump said. “So it'd be interesting to check that.”  In no way is he saying “we should inject ourselves with disinfectant”. Trump is not a scientist but he is talking to William Bryant senior official performing duties under the DHS. Who is in charge of research. At times like this is it really crazy to ask any scientist to look at any avenue of approach to end this pandemic no matter how absurd it may seem? Im sure if you went back to 1850 and said to a scientist can we harness the power of a lightning bolt so i can stop using whale fat to see inside my house at night everyone would thrash the guy who said it. Science is just that testing everything possible to come out with the best outcome. As for lysol having to issue a warning is because DF slack-jawed idiots who just read titles and headlines and not actually watch the interviews take what they read as the bible/law/facts.""",
,fact-check,fact-check,fact-check,fact-check,"Did a single person even read the quote? \n\nWhy would a bleach manufacturer even make a statement on this?  He didn't suggest anyone inject themselves with disinfectant. \n\nRead the quote.""",
,fact-check,fact-check,fact-check,fact-check,"Trump never suggested people should inject themselves with bleach as a cure. Trump was asking questions about research to the Science Advisor from Homeland Security. Doesn't matter if anyone agrees or disagrees with his questions, but the Media claiming he was suggesting the public inject themselves with disinfectants is irresponsible.  The Media tried to push the propaganda that Trump was giving false hope that sunlight and humidity would have an effect on coronavirus. Yesterday lab results proved that to be true. Sun and humidity kills the virus on surfaces faster.  This is good news as we go into the summer. Instead of telling the public this, we get injecting bleach stories. ",
,fact-check,fact-check,fact-check,fact-check,Really wish people would have listened to exactly what was said instead of insinuating what was said.,
,meta,meta,meta,other,"I remember watching this live and thinking that woman's body language screams \""I spent my career breaking glass ceilings for this",
,meta,meta,meta,other,"Every time I see this, i can see the Dr at the side thinking, “wtf are you talking about?!” The astonishment on her face says it all",
,meta,meta,meta,other,Why is this in r/pics ? Every post is political. Take this shit to r/politics .,
,meta,meta,meta,other,"I was watching these ‘updates’ every day during COVID, honestly cause I figured it meant we would slowly slide into authoritarianism during it and I wanted to hear with my own ears how things would change. \n\nLess fear after a few weeks (until his clear the street of protestors and walk to the church), it was just an insane person talking\n\nI remember her face most of all as he said this",
,meta,meta,meta,other,I can’t wait until the election is over so we can stop seeing political bullshit every day on pics,
,meta,meta,meta,other,"I hate trump but this isn’t an interesting pic at all, why post this ",
,meta,meta,meta,other,Dr. Scarf looking on is disbelief.,
,meta,meta,meta,other,Just name this sub r/trumppics at this point. Jesus Christ lol.,
,meta,meta,meta,other,Still nobody has answered my question as to why this is literally just a Trump hate sub now.,
,meta,meta,meta,other,"ITT:\n\nTrump/MAGA people: **He didn’t say to inject bleach, idiot! Do your own research!**\n\nNon-Trump/MAGA people: *He’s quoted as saying “And then I see the disinfectant where it knocks it out in a minute. One minute. And is there a way we can do something like that, by injection inside or almost a cleaning? So it’d be interesting to check that. I’m not a doctor. But I’m, like, a person that has a good you-know-what.”*\n\nTrump/MAGA people: **”See! He didn’t say anything about bleach!!!”**\n\nNon-Trump/MAGA people: 🤦‍♂️",
,meta,meta,meta,other,"I watched the briefing yesterday and I haven't laughed as hard in ages, he was all over the map and attacking the reporters that wanted actual information instead of random shit that came out of his mouth.  also I think it was Fauci that said labs don't test the bleech or disinfectant and later Trump said the brilliant lab suggested it, they was odd.\n\nand enough people want himf to another 4 years.  we get to sit back and watch the country burn just so he can make a buck.",
,meta,meta,meta,other,It seems like the walls at r/politics have broken and you're all spilling out into every sub imaginable. Your 'orange man bad' circle jerk is insufferable. I used to enjoy non-political subs like this but you all can't help yourselves. Seems like you all enjoy wasting money on awards too just to show how bad that the orange man is,
,joke,joke,off-topic,other,He would have been more convincing had he given a public demonstration.,
,joke,joke,off-topic,other,what a shame he didn't take his own advice.,
,joke,joke,off-topic,other,Can't imagine why he took such strong action to block his college transcripts from being released,
,off-topic,off-topic,off-topic,other,I was in Germany last month and during our trip to Sachsenhausen concentration camp we found a small exhibit on this “doctor” there who would inject prisoners with bleach to attempt to immunize them against diseases… I’m sure he knew full well then what was going to happen and this fuckface does too,
,off-topic,off-topic,off-topic,other,"Unfortunately I've heard his son is just as bad, I just hope he is less intelligent than his father.",
,off-topic,off-topic,off-topic,other,"I read a comment from someone saying the parents should be praised for at least trying to treat their kids when doctors wouldn't.

What kind of fucked up logic is that, just do random, horrific shit to a child on the off chance it helps.",
,off-topic,off-topic,off-topic,other,"Genuine question here.\n\nDoes Trump have speechwriters? I was under the impression that the POTUS has a speechwriter who proofreads any kind of material and that the has people screen questions so that he is ready with certain responses.\n\nNow, understandably this administration is dumber than a bag of dull carrot peelers, but I l'm wondering if he just literally says whatever random shit comes to his mind and everyone has to sit there and silently pretend to be respectful of this insane shit like it's an actual adult talking or there's some poor writer out there pulling our his hair because the tanned circus gibbon flies off the handle or prepared material",
,off-topic,off-topic,off-topic,other,Is Donald Trump gunning for the role of Jude Law’s character in a remake of Contagion? Hell of an audition...,
,off-topic,off-topic,off-topic,other,"We should of stayed in the eu, but never mind the 52% voted out, biggish fuck up the UK ever did",
,off-topic,off-topic,off-topic,other,Is it weird to say that Kim Kardashian would make a much better and less embarrassing President.,
,off-topic,off-topic,off-topic,other,"I bow my head to the mental gymnastics you must go through everyday, bravo.",
,off-topic,off-topic,off-topic,other,"Even some doctors fell for it. I think it is you who is out of touch with reality.\n\nRight, in your world the president saying something along the lines of 'this has promise' completes absolves doctors of their hippocratic oath and all medical training. \n\nThankfully, most adults do not live in that world",
,off-topic,off-topic,off-topic,other,"It's*\n\nSpeaking of money, you should probably ask your school to refund your business degree tuition. Pretty sad to hear that Ivy league schools are churning out grads at a 2nd grade writing level",
,off-topic,off-topic,off-topic,other,"Surprisingly they mostly are not destroying 5G masts, as most countries have not implemented them yet. They are destroying the older ones.
(5G is backwards compatible and likely require a 4G bits as it's not immediately a standalone system. So I wonder if it still makes sense to replace the destroyed 4G masts with 4G or just go with 5G and run it as 4G until 5G is allowed to be implemented).",
,off-topic,off-topic,off-topic,other,"This is what random commenters sound like in /r/coronavirus\n\n'How do I avoid virus spores?'\n\n'my theory is that the virus gets distracted by wildlife in healthy ecosystems'""",
,other,other,off-topic,other,you dont need to embellish the truth when the reality is bad enough...,
,other,other,off-topic,other,"I'll never forget his words of comfort to Americans during the pandemic \""you're a terrible reporter\"".  So wise",
,other,other,off-topic,other,"Here is my plea to the people of TX, AZ, GA, FL, NC, WI, MI, OH and PA. Be sensible.",
,other,other,off-topic,other,"Wow, you know people are panicking from the Joe Rogan when they immediately post anti trump flashbacks lmao",
,other,other,off-topic,other,BUT HE WENT ON TOE ROGAN PODSHOW!,
,other,other,off-topic,other,"In January, February and March of 2020, accidental poisonings with household disinfectants were up 5%, 17% and 93% respectively over the same months in 2019.\n\n\nIn April, which includes an eight day period from the 23rd of the month to the 30th, following Trump’s comments, the increase was 121% compared to April of 2019.",
,other,other,off-topic,other,Wanted to consume bleach also talked about getting light under the skin that was neat,
,other,other,off-topic,other,I’ll never forget the patient I had in ICU who did exactly that…,
,idiot voters,idiot voters,partisan,other,"I just cannot comprehend how absolutely everyone is aware of things like this and still half of the voting population thinks that this is what they should vote for.\n\nThosr voters even know better than to actually inject bleach, and it still doesn't matter in the slightest.",
,idiot voters,idiot voters,partisan,other,And this is the moron people want to make President. Again.,
,idiot voters,idiot voters,partisan,other,"If Trump wanted to Jim Jones half the country, I believe he could. Its a cult.",
,idiot voters,idiot voters,partisan,other,"As an european i simply can't understand who votes for this guy, can an american explain?""",
,idiot voters,idiot voters,partisan,other,Only the insane vote for him.,
,idiot voters,idiot voters,partisan,other,What happened to our country that people can still vote for this guy? What trauma are we hiding in our subconscious that allows this to happen? Do we all secretly want to die?,
,idiot voters,idiot voters,partisan,other,The only Americans more stupid than Trump are those that vote for him,
,idiot voters,idiot voters,partisan,other,I feel bad for the idiot republicans that listen to him and trusted him more than real doctors.,
,other,other,partisan,other,"Joe Biden told people, the vaccine would prevent them from obtaining and spreading Covid (rather than reducing the risk), so maybe we shouldn't listen to politicians' advice in general.",
,anti-trump,partisan,partisan,other,"In times of national emergency, we need intelligent and capable leaders to resolve the crisis. Trump should have handed over the problem to best and brightest of the medical community, supporting them, rather than demonizing them, reminding people that we're all in this together, rather than pretending it does not exist. Trump completely mismanaged the crisis. Hundreds of thousands of Americans needlessly died. The economic consequences of his mismanagement linger to today in the form of higher prices for consumer products.",
,anti-trump,partisan,partisan,other,I can’t do this for the next 4 years again.,
,anti-trump,partisan,partisan,other,"Healthcare worker. I worked through this. I would never wish it on anyone, the absolute hell of it. Trump made things a thousand times worse. The fact this man is still in the public sphere and possibly our next president is so ludicrous I can barely comprehend it.",
,anti-trump,partisan,partisan,other,Trump must be one of the dumbest person walking on this earth.,
,anti-trump,partisan,partisan,other,What an absolute moron of enormous magnitude. I'm just some fucking guy from a small town and would never say something this wildly stupid. Should I run for president?,
,anti-trump,partisan,partisan,other,He will go down as the dumbest person ever in office. By a fucking long shot too. \n\nIts so embarrassing to be an American rn,
,anti-trump,partisan,partisan,other,what an absolute disgrace,
,anti-trump,partisan,partisan,other,"Ngl I have autism, and everyday trump makes me think he's one of us",
,anti-trump,partisan,partisan,other,I can't believe people want 4 more years of this buffoon,
,anti-trump,partisan,partisan,other,"I was honestly hoping to never hear about this man after he lost the 2021 elections. Yet here he is still arounds still spewing hate and misinformation. Even with people like Harris and Walz, they are neck and neck and he has a chance to win?  \nEdit: Forgot to mention he was found guilty of 34 felony counts and he could still be the president?",
,anti-trump,partisan,partisan,other,Guy is a demented fool and needs to be in a home where he can look out of a window and drool,
,anti-trump,partisan,partisan,other,Hes probably going to win. So may as well make peace with it.,
,anti-trump,partisan,partisan,other,"You know what would be great? The president of the United States keeping his fuckin mouth shut but that's too much to ask for is it? It's as if he throws random buzzwords he's heard into the air hoping one will actually be the cure we so badly need and he can call himself the savior of humanity. Untill then, I hope he continues to do so and lower his voter count",
,anti-trump,partisan,partisan,other,It’s the strongest evidence I’ve seen yet that he is mentally unwell.,
,election,partisan,partisan,other,"In any decent society this elections should be a landslide,   things being close with a guy like trump runing is a great example of how bad USA has gone, this election should ne a wakeup call for both dems and republicans, , stop nurturing the worst guy ever.",
,election,partisan,partisan,other,I can't wait to smirk when he wins the election and I look back at this post. Do something better with your time.,
,partisan,partisan,partisan,other,"Every time I bring this up, the response I get is “he wasn’t telling us to inject bleach, he was just asking if it was possible! ”\n\nAs if that makes it any better. Normal, sane adults do not need to ask if you can inject bleach. He is frankly the dumbest human I have ever seen and that’s not even a little bit of an exaggeration. His stupidity is STAGGERING. VOTE.",
,partisan,partisan,partisan,other,"""He never said bleach 🤓\""\n\nWhich disinfectant can we inject into the body without killing ourselves, does it fucking matter?\n\nPlus if Buden insinuated anything similar yall would've had a fucking aneurysm."",",
,partisan,partisan,partisan,other,The propaganda campaign on this sub is so desperate and so blatant it's almost sad ,
,partisan,partisan,partisan,other,I really hope part of why Trump loses this election comes down to killing his voters with misinformation. I genuinely hope this is a main cause.,
,partisan,partisan,partisan,other,It's sad they didn't do what their leader told them. \n\nThey are not loyalists.,
,partisan,partisan,partisan,other,Trump 2024! Suck it Weebs!,
,partisan,partisan,partisan,other,"And still think people today he is a great option as a President.\n\nWe, the rest of the world just watch astonished.",
,partisan,partisan,partisan,other,"I looked through the conservative sub just because i was curious what they thought of this and i just can't believe my eyes... The damn mental gymnastics these people do in order to make trump look... reasonable? is crazy. Someone even said he was 'spitballing' and we shouldn't 'hold every word over his head' because if at work, every one of his suggestions were taken this seriously, he would be fired or something. My dude... You spitballing ideas at a work meeting is NOT the same thing as the PRESIDENT spewing out bullshit ideas in a press briefing in the middle of a GLOBAL CRISIS LIKE NO OTHER",
,partisan,partisan,partisan,other,"There are far too many people scrambling to justify this, he said something incredibly stupid and that's that, it's ok for someone with your same beliefs to make a mistake. It's the same way Democrats were able to admit that even by their standards Obama didn't do the right thing sometimes.",
,partisan,partisan,partisan,other,Come on maga don't let the fake news tell you what to do you gotta own the libs inject your self!,
,partisan,partisan,partisan,other,"I'm from a so-called third world country, and I am so thankful every single day that i do not live in the USA right now. No disrespect but the mismanagement of this crisis over there is frankly embarrassing. Please guys, do better next time and choose wisely in the next election. What you guys need is consistent, empathetic, trustworthy leadership. Not an orange potato chip",
,partisan,partisan,partisan,other,"Speaking to the Free Beacon, Wanda acknowledged she was a Democrat.",
,,,,belief,"Don't let conservatives gaslight you about this one. Biden/Kamala/Obama got treated as the anti-christ for speaking on anything because they're almighty puppet masters who run everything allegedly. Trump can say this and its ""oh well he was just thinking on it out loud he's just a poor little guy, he was just saying we should check all of the options.""

No. He told people to inject bleach. The only thing more upsetting about him saying this is that more of his cult members didn't listen.",
,,,,belief,If only that was the most outrageous thing he’s ever said …,
,,,,belief,"It's still inconceivable to me that anyone who witnessed this moment of incredible stupidity could possible vote for him again. Equally baffling that they voted for him in the first place. His elections are a measure of the depth to which Americans' ability to actually understand the issues has plummeted. We've become a nation of stupid people, and putting this cretin back in charge is not only a national tragedy and disgrace, but one with global implications. A man-child with the instincts of a spoiled adolescent.",
,,,,other,COVID was his first actually challenge as president (and first probably in his life where daddy did come bail him out) and Trump completely and utterly botched it as much as humanly possible.,
,,,,belief,Deborah Birx was like Jesus fucking Christ is he really saying this on live television! God this guy is a dipshit!,
,,,,other,"He was joking, so they say

Sure seems like a serious conversation. You know, people were dying.

But to republicans it was acceptable to joke at this time, I guess. Because it makes people mad, it's a good thing to them

Fuck this idiot and his supporters. I tell people I know that if you support trump, you are part of the problem and I'll never forget that you supported him",
,,,,belief,It worked! I haven't had covid one time,
,,,,other,We haven’t been doing enough “cleaning” inside the body with bleach. This is where having RFK Jr really comes in handy.,
,,,,other,I hate every Trump voter with the heat of a Nova. The dumbest people on the planet.,
,,,,other,One of my biggest problems with this dude is that the only time he claims to stfu and not know something is when it’s something that negatively affects him. All other times he just talks out of his ass with no evidence. It baffles me that people ignore this because he shit talks the dems.,
,,,,belief,I hope some of his followers listened.,
,,,,belief,"Jeez... If it was that interesting, then he should have been the first to try it! Might of done the world a favor, really!",
,,,,belief,"I watched that in real time and couldn't believe that I was looking at such a complete, comprehensive moron.

And then, he went on talking and has been doing so every day, proving himself ever more moronic. I can't imagine the depths of idiocrasy we'll achieve before he's out of office.",
,,,,other,And I got into the biggest fight with a close family member about it and our relationship has never been the same…,
,,,,belief,"Looking back, we should have pressured him into trying that solution out himself. Think if we had mass posted saying he was too afraid to do it…poof! 2025 would look so much more promising. ",
,,,,other,The only time you could turn his attention away from the cameras is when even he realized he had no fucking clue what he was talking about.,
,,,,other,Let’s also not forget that he also referred to COVID-19 as the “Kung Flu” during this time before the 2020 election.,
,,,,other,And yet people still voted for him to come back. Those people need a complete psychological evaluation!,
,,,,belief,I saw this live and my jaw dropped . I immediately related to my mom what he said and she thought I had to be mistaken . He tried to say he was joking - people are dying and this is the time to do a stand up comedy routine . He was 100% serious and he thought he was being brilliant - there’s a reason why so many people from his first admin call him an idiot,
,,,,other,"Donald Trump is a joke. Everything he touches turns to shit. Hes a narcissist, liar,adulterer, rapist, business fraud, racist and felon. Voted worst or near worst potus in multiple polls of presidential historians, he is proving them right and cementing last place. He has no business being near the white house and should be removed asap.",
,,,,other,"His supporters are worse for watching this clown and enthusiastically supporting him for a second term as president. They defend everything he says and does, but still don’t want to be called a cult.",
,,,,other,Wow. It doesn't register on any level for folk outside the US to understand how this a logical choice for POTUS. So much opportunity to drive change and do good. So much hanging on now for years for it to be over. Perhaps you have to hit bottom for a wake up.,
,,,,other,Look at that big bald patch on the back of his head! I was too drunk to see it when he was on live 5 years ago,